text,generated,prevalence,complexity,length,variance,number_percentage,readability,bigram_prevalence,trigram_prevalence,sentence_std,average_prevalence,median_prevalence,prevalence_std,bigram_prevalence_std,bigram_prevalence_mean,bigram_prevalence_median,weighted_prevalence,median_complexity,paragraph_std,average_paragraph_length,percentage_of_words_in_prevalence_table,fourgram_prevalence
"Happiness holds a place, in the experience with individuals across history actively pursuing it. Though the concept of happiness may seem straightforward it is actually intricate and multifaceted leading to research in psychology and philosophy. This essay aims to explore the aspects of well being including its definition, measurement methods influencing factors and its importance in our lives.

Defining happiness is not a task as it varies from person to person and can be shaped by societal and individual elements. Positive psychology, which focuses on studying strengths and well being defines happiness as a state of life satisfaction accompanied by positive emotions like joy, gratitude and contentment. It extends beyond moments of pleasure. Encompasses a deeper sense of fulfillment and purpose in life.

Measuring happiness presents challenges primarily due to its nature. Psychologists employ techniques such as self report questionnaires and subjective well being scales to evaluate an individuals level of happiness. These tools consider factors, like life satisfaction, positive emotions experienced, as the absence of negative emotions.Self reported data offers insights. Its important to acknowledge their limitations. People might have biases. Find it challenging to assess their own well being.

Several factors influence an individuals happiness levels. Genetics play a part as some individuals are naturally inclined to be more optimistic and content, than others.",1,841.1324772515991,14971.279767441862,216,23084.56067080737,0.0,32.39,2584.457470582185,1759.962525015908,7.264525678482617,3.8941318391277737,1.2709213141804088,22.16381912072213,60.352559193074384,12.02073242131249,1.5499845284601637,-18.350316469305263,2808.51,17.131841699011815,54.0,0.9953703703703703,722.0385620939027
"The American Civil War, which took place between 1861 and 1865 is widely recognized as an defining period, in history. It was a conflict that saw states pitted against each other brothers fighting brothers and conflicting ideals clashing. This essay delves into the causes, events and reaching consequences of the American Civil War. By shedding light on the factors that contributed to this conflict and its profound impact on the United States.

The origins of the American Civil War can be traced back to the foundation of our nation when the issue of slavery emerged as a divisive moral, economic and political concern. Although our Founding Fathers did not reach a resolution on slavery during the drafting of the U.S. Constitution it remained an issue that grew increasingly contentious as our nation expanded westward. Attempts were made to strike a balance between slave holding and free states through measures like the Missouri Compromise in 1820 and Compromise of 1850; however they only served as solutions to simmering tensions.

Economic factors also played a role in fueling this conflict. The Northern states were rapidly industrializing while their Southern counterparts heavily relied on agriculture with cotton cultivation being prominent through slave labor. This economic disparity led to competing interests that resulted in disputes, over tariffs, trade policies and states rights.

Furthermore political polarization exacerbated these tensions further.
The election of Abraham Lincoln, in 1860 caused concern among states as he was a Republican who opposed the expansion of slavery into the western territories. This concern led to their decision to secede from the Union due, to their fear of losing what they considered their important institution.",1,-14.703603446498471,13191.81228136882,274,19655.495632779697,0.0182481751824817,43.12,372.9317669215839,580.5588045396196,7.72071677084591,-0.0472727858769907,1.0689336385082413,3.972528790529728,9.003585783002872,1.3660504282841897,0.0,-17.100836535834613,3414.51,29.4441844852256,54.8,0.978102189781022,541.3312669087213
"The American Civil War, which took place from 1861 to 1865 is widely recognized as an defining period, in history. It was a conflict that set states against each divided families and clashed differing ideals. This essay delves into the causes, events and lasting consequences of the American Civil War. It aims to shed light on the factors that contributed to this conflict and its profound impact on the United States.

The origins of the American Civil War can be traced back to the nations years when the issue of slavery emerged as a divisive moral, economic and political concern. Although unresolved during the drafting of the U.S. Constitution by our Founding Fathers slavery continued to grow in significance as America expanded westward. Attempts were made with measures like the Missouri Compromise of 1820 and Compromise of 1850 to address tensions between slave holding states and free states. Only provided relief.

Economic factors also played a role in fueling tensions. The Northern states were rapidly industrializing while their Southern counterparts heavily relied on agriculture. Cotton cultivation using slave labor. This economic divide led to conflicting interests resulting in disputes, over tariffs, trade policies and matters concerning state sovereignty.

Political polarization further exacerbated a situation.
The 1860 election of Abraham Lincoln, a member of the Republican Party who was, against the spread of slavery in the territories led to the secession of Southern states, from the Union. These states were concerned about losing their  institution.""""",1,-31.81585222347044,13583.104017094018,244,20572.678174105706,0.0204918032786885,47.49,320.6492795833687,216.9875549962124,8.613684203379849,-0.1232171807674895,1.0689336385082413,4.012473751803389,8.558688702500906,1.3195443604253847,0.0,-16.8593233136717,2511.01,25.99538420566236,48.8,0.9754098360655736,225.13913280757296
"Happiness holds a place, in life being a pursuit that has captivated individuals across the ages. Although it may seem straightforward the quest for happiness is an faceted phenomenon that has attracted extensive exploration in fields like psychology and philosophy. This essay aims to delve into the aspects of well being examining its definition, measurement techniques factors that influence it and its significance in our lives.

Defining happiness is no task since it varies from person to person and can be influenced by societal and individual factors. Positive psychology, which focuses on studying strengths and well being defines happiness as a state of life satisfaction combined with the presence of positive emotions like joy, gratitude and contentment. It goes beyond pleasure; instead encompassing a sense of fulfillment and purpose in ones life.

Measuring happiness presents challenges due to its nature. Psychologists employ methods such as self report questionnaires and scales to gauge an individuals level of happiness or well being. These assessment tools take into account factors, like life satisfaction levels experience of emotions while also considering the absence of emotions.
Although self reported data can offer insights it is important to acknowledge their limitations. People may have biases. Find it challenging to assess their own sense of well being.

Several elements influence an individuals level of happiness. Genetics for instance play a role, in shaping ones predisposition, towards optimism and overall happiness compared to others.",1,759.8230007665678,16947.53966101695,236,23889.80929509275,0.0,37.4,2903.266259643058,2179.0244700021126,7.179903927502322,3.219588986299016,1.2264006307451611,20.991925070869115,61.10270587456991,12.3543245091194,1.5499845284601637,-18.576061681217965,4817.51,17.2673101553195,47.2,1.0,1712.5768871738371
